Rang;Type de document;Prêts;Titre;Auteur;Nombre de localisations;Nombre de prêt total;Nombre de prêts 2017;Nombre d'exemplaires
10.0;Livre jeunesse;1020;Max et Lili ont du mal à se concentrer;Saint-Mars, Dominique de;48;1493;402;112
9.0;Livre jeunesse;1022;Max et Lili veulent être populaires;Saint-Mars, Dominique de;54;6732;1494;133
1.0;Livre jeunesse;1189;Max se trouve trop petit;Saint-Mars, Dominique de;53;3471;1799;135
104.0;Bande dessinée jeunesse;732;Les Légendaires. 18. La fin de l'histoire ?;Sobral, Patrick;52;2694;869;80
79.0;Livre jeunesse;763;Max et Lili aident les enfants du monde;Saint-Mars, Dominique de;44;7446;1019;95
60.0;Livre jeunesse;795;Le chien de Max et Lili est mort;Saint-Mars, Dominique de;45;7123;1087;90
84.0;Livre jeunesse;759;Lili fait sa commandante;Saint-Mars, Dominique de;46;6220;1026;95
66.0;Bande dessinée jeunesse;783;Ici Radio-casserole;Cohen, Jacqueline;44;6812;1114;93
80.0;Livre jeunesse;763;Max ne respecte rien;Saint-Mars, Dominique de;44;5756;986;86
82.0;Bande dessinée jeunesse;760;Aube et crépuscule;Sobral, Patrick;53;5838;1121;95
107.0;Bande dessinée jeunesse;730;L'exode de Kalandre;Sobral, Patrick;49;3981;1041;81
93.0;Livre pour adulte;746;L'ordre du jour : récit;Vuillard, Éric;50;1263;505;68
105.0;Bande dessinée jeunesse;732;Lou !. 7. La cabane;Neel, Julien;52;1857;976;80
11.0;Livre jeunesse;1019;Max et Lili ont peur des images violentes;Saint-Mars, Dominique de;51;4522;1407;119
46.0;Livre jeunesse;815;Max et Lili fêtent Noël en famille;Saint-Mars, Dominique de;48;6741;1122;99
44.0;Livre jeunesse;819;Lili trouve sa maîtresse méchante;Saint-Mars, Dominique de;43;6458;1110;92
17.0;Livre jeunesse;970;La copine de Lili n'a pas de papa;Saint-Mars, Dominique de;53;3748;1532;118
36.0;Livre jeunesse;840;Lili fait des cauchemars;Saint-Mars, Dominique de;47;7667;1153;97
29.0;Bande dessinée jeunesse;868;Les fous du mercredi;Cohen, Jacqueline;46;7647;1155;101
58.0;Livre jeunesse;797;Max aime les monstres;Saint-Mars, Dominique de;43;6500;1087;86
51.0;Bande dessinée jeunesse;805;La pierre de Jovénia;Sobral, Patrick;50;5751;1023;101
21.0;Bande dessinée jeunesse;936;Ben ça, alors !;Cohen, Jacqueline;48;8837;1329;122
20.0;Livre jeunesse;945;Max boude;Saint-Mars, Dominique de;53;8327;1424;131
120.0;Livre jeunesse;707;Le père de Max et Lili est au chômage;Saint-Mars, Dominique de;43;5617;839;85
111.0;Bande dessinée jeunesse;724;Ariol. 7. Le maître-chien;Guibert, Emmanuel;44;4866;915;77
108.0;Livre jeunesse;729;Max n'aime pas l'école;Saint-Mars, Dominique de;43;6697;957;101
136.0;Livre jeunesse;688;Lili a été suivie;Saint-Mars, Dominique de;49;7138;961;97
131.0;Livre jeunesse;694;Emilie a déménagé;Saint-Mars, Dominique de;41;6913;1009;86
109.0;Bande dessinée jeunesse;726;L'Alystory;Sobral, Patrick;51;5224;1021;85
127.0;Bande dessinée jeunesse;697;A fond le slip !;Zep;53;832;122;82
469.0;Bande dessinée pour adulte;435;L'Arabe du futur. 2. Une jeunesse au Moyen-Orient, 1984-1985;Sattouf, Riad;52;2494;716;61
454.0;Livre jeunesse;442;La vérité toute moche : grandir ou ne pas grandir, telle est la question !;Kinney, Jeff;50;3023;534;62
420.0;Livre pour adulte;455;Le charme discret de l'intestin : tout sur un organe mal aimé;Enders, Giulia;46;1974;647;66
402.0;Livre jeunesse;462;Grand-mère sucre et grand-père chocolat;Bigot, Gigi;51;3411;655;104
433.0;Livre pour adulte;450;Au revoir là-haut : roman;Lemaitre, Pierre;42;2969;437;60
434.0;Livre pour adulte;449;Minuit sur le canal San Boldo;Leon, Donna;44;630;168;44
453.0;Bande dessinée jeunesse;442;La lutte des classes;Godi, Bernard;36;4334;609;50
470.0;Livre pour adulte;435;Trois jours et une vie;Lemaitre, Pierre;49;1849;521;53
448.0;Bande dessinée jeunesse;444;Superstars;Cohen, Jacqueline;31;2784;576;49
398.0;Livre pour adulte;465;Les Bourgeois : roman;Ferney, Alice;52;845;345;55
282.0;Bande dessinée jeunesse;527;Astérix chez Rahàzade : ou le compte des mille et une heures;Uderzo, Albert;40;5899;677;69
296.0;Bande dessinée jeunesse;519;Seuls. 2. Le maître des couteaux;Gazzotti, Bruno;51;5081;739;75
298.0;Bande dessinée jeunesse;518;La machine à démourir;Vehlmann, Fabien;53;1232;616;68
301.0;Bande dessinée jeunesse;517;Les Schtroumpfs et le Cracoucass;Peyo;43;4692;579;58
286.0;Bande dessinée jeunesse;525;Allez, les monstres !;Cohen, Jacqueline;35;3347;672;61
305.0;Livre jeunesse;515;Où est Spot, mon petit chien ?;Hill, Eric;46;2341;627;101
326.0;Livre pour adulte;499;Couleurs de l'incendie;Lemaitre, Pierre;53;519;0;75
288.0;Livre pour adulte;524;La sorcière;Läckberg, Camilla;52;570;35;58
316.0;Bande dessinée jeunesse;507;Le sens de la vie;Zep;45;3980;667;76
331.0;Bande dessinée jeunesse;497;Loin des yeux...;Darasse;51;3458;769;66
196.0;Bande dessinée jeunesse;616;Mortelle Adèle. 5. Poussez-vous les moches;Tan;44;2902;713;66
212.0;Bande dessinée jeunesse;599;Je serai toujours avec toi;Lyfoung, Patricia;48;5093;884;81
219.0;Bande dessinée jeunesse;592;La grande traversée;Goscinny, René;48;6572;713;81
210.0;Bande dessinée jeunesse;601;Le domaine des dieux;Goscinny, René;53;6761;737;84
204.0;Bande dessinée jeunesse;609;Un namour de sister;Maury, William;41;3461;793;65
185.0;Livre jeunesse;627;Max se bagarre;Saint-Mars, Dominique de;36;5434;729;75
201.0;Bande dessinée jeunesse;612;Sauve qui peut;Didier, Anne;50;1263;565;62
176.0;Livre jeunesse;633;Grosse colère;Allancé, Mireille d';53;3818;754;128
213.0;Bande dessinée jeunesse;599;Jadina;Sobral, Patrick;47;3243;762;70
205.0;Bande dessinée jeunesse;605;Duel de belles;Delaf;47;3955;808;71
263.0;Bande dessinée jeunesse;544;Copain comme cochon;Guibert, Emmanuel;37;2933;665;60
264.0;Bande dessinée jeunesse;542;Me pardonneras-tu ?;Lyfoung, Patricia;49;4300;819;67
242.0;Bande dessinée jeunesse;568;L'épreuve de farce;Coppée, Thierry;50;3300;812;61
230.0;Bande dessinée jeunesse;578;Où est Pétula ?;Guibert, Emmanuel;41;3769;872;62
278.0;Bande dessinée jeunesse;528;Game over. 13. Toxic affair;Midam;43;2082;784;53
270.0;Livre sonore jeunesse;534;Coco à l'école;Du Bouchet, Paule;47;3066;561;94
248.0;Bande dessinée jeunesse;562;Ultra top secret !;Didier, Anne;38;3424;725;52
221.0;Bande dessinée jeunesse;590;Un couple d'enfer;Delaf;48;3268;735;68
223.0;Livre jeunesse;586;Grrr !;Maubille, Jean;52;4031;763;128
273.0;DVD jeunesse;531;Mon voisin Totoro : (Sous réserve de disponibilité);;47;2887;602;72
348.0;Bande dessinée jeunesse;490;Titeuf et le derrière des choses;Zep;44;5257;718;74
342.0;Bande dessinée jeunesse;494;Tintin au pays de l'or noir;Hergé;55;5853;690;88
347.0;Bande dessinée jeunesse;491;La menace Schtroumpf;Parthoens, Luc;36;4951;610;47
396.0;Livre pour adulte;466;Vie de David Hockney;Cusset, Catherine;43;464;0;44
397.0;Bande dessinée jeunesse;465;Le sceptre d'Ottokar;Hergé;52;6117;627;84
378.0;Livre pour adulte;473;Au fond de l'eau;Hawkins, Paula;54;938;399;61
395.0;Livre pour adulte;466;Entre deux mondes;Norek, Olivier;44;512;36;45
360.0;Bande dessinée jeunesse;485;L'oreille cassée;Hergé;51;7091;708;89
386.0;Livre pour adulte;470;Ör;Audur Ava Olafsdottir;51;583;104;51
384.0;Livre jeunesse;471;Double peine;Kinney, Jeff;49;714;184;55
532.0;Bande dessinée jeunesse;411;Une histoire des Schtroumpfs. 34. Les Schtroumpfs et le demi-génie;Jost, Alain;41;1479;581;42
533.0;Bande dessinée pour adulte;411;Les cahiers d'Esther. Histoires de mes 11 ans;Sattouf, Riad;55;1070;560;56
530.0;Livre pour adulte;412;Dernier jour à Budapest : roman;Marai, Sandor;39;422;24;39
539.0;Bande dessinée jeunesse;410;Qu'est-ce qu'il a ?;Laudec;52;4933;561;66
537.0;Bande dessinée jeunesse;410;Tu dépasses !;Darasse;42;3824;560;55
169.0;Livre jeunesse;640;Lili rêve d'être une femme;Saint-Mars, Dominique de;44;5274;965;79
154.0;Livre jeunesse;667;"Max raconte des ""bobards""";Saint-Mars, Dominique de;44;5846;842;77
137.0;Bande dessinée jeunesse;685;C'est nikol crème !;Cazenove, Christophe;44;4674;901;72
145.0;Bande dessinée jeunesse;677;Astérix et le chaudron;Goscinny, René;48;6660;812;87
171.0;Livre pour adulte;636;La femme de l'ombre;Arnaldur Indriđason;50;677;43;52
140.0;Bande dessinée jeunesse;683;Coeur du passé;Sobral, Patrick;50;5057;905;85
147.0;Bande dessinée jeunesse;676;Parents à vendre;Mr Tan;47;2771;788;71
152.0;Livre pour adulte;669;Les loyautés;Vigan, Delphine de;55;686;0;69
146.0;Bande dessinée jeunesse;676;Danaël;Sobral, Patrick;47;3515;809;73
157.0;Bande dessinée jeunesse;659;Shimy;Sobral, Patrick;51;2305;864;68
493.0;Bande dessinée jeunesse;427;Sardine de l'espace. 11. L'archipel des hommes-sandwichs;Sapin, Mathieu;46;3074;584;58
513.0;Bande dessinée jeunesse;422;Game over. 8. Cold case : affaires glacées;Midam;37;2393;614;42
499.0;Bande dessinée jeunesse;425;Qui a volé la Joconde ?;Stilton, Geronimo;35;3721;584;61
475.0;Livre pour adulte;433;Underground railroad : roman;Whitehead, Colson;53;739;276;57
476.0;Bande dessinée jeunesse;432;Akissi. 6. Sans amis;Abouet, Marguerite;48;1734;680;61
4.0;Livre jeunesse;1075;Max et Lili cherchent leur métier;Saint-Mars, Dominique de;53;2987;1631;120
6.0;Livre jeunesse;1053;Lili est harcelée à l'école;Saint-Mars, Dominique de;51;8467;1379;124
381.0;Bande dessinée jeunesse;473;Les blagues de Toto. 7. La classe qui rit;Coppée, Thierry;46;3928;625;56
382.0;Livre jeunesse;473;Lili ne veut plus se montrer toute nue;Saint-Mars, Dominique de;31;2899;549;57
389.0;Bande dessinée jeunesse;469;"Seuls. 9. Avant l'Enfant-Minuit ; Vehlmann";Vehlmann, Fabien;53;2237;777;70
414.0;Bande dessinée jeunesse;459;La rentrée des crasses;Coppée, Thierry;43;4370;626;63
416.0;Bande dessinée jeunesse;458;Les Schtroumpfs à Pilulit;Jost, Alain;41;3420;598;49
417.0;Bande dessinée jeunesse;457;Les lauriers de César;Goscinny, René;41;4286;613;60
372.0;Bande dessinée jeunesse;475;Les bijoux de la Castafiore;Hergé;50;5541;684;85
388.0;Bande dessinée jeunesse;470;Maman, je rigole !;Darasse;48;4257;678;64
413.0;Livre jeunesse;459;Bonsoir lune;Brown, Margaret Wise;54;3948;569;134
394.0;Livre jeunesse;467;Délivrez-moi !;Sanders, Alex;42;1556;426;107
309.0;Livre sonore jeunesse;512;Le doudou de Coco : une histoire mise en musique;Du Bouchet, Paule;44;3239;565;93
322.0;Bande dessinée pour adulte;501;Les cahiers d'Esther. 3. Histoire de mes 12 ans;Sattouf, Riad;54;554;38;56
292.0;Bande dessinée jeunesse;521;L'élève dépasse le mètre;Coppée, Thierry;43;4141;664;58
306.0;Bande dessinée jeunesse;513;Le clan du requin;Gazzotti, Bruno;49;5851;759;73
311.0;Livre pour adulte;510;Ils vont tuer Robert Kennedy;Dugain, Marc;50;895;352;58
275.0;Bande dessinée jeunesse;530;Ducobu, élève modèle;Zidrou;45;4100;718;57
307.0;Livre pour adulte;512;Vernon Subutex. 3;Despentes, Virginie;48;991;465;63
303.0;Bande dessinée jeunesse;516;La soupe aux schtroumpfs;Peyo;38;5319;673;57
285.0;Bande dessinée jeunesse;525;C'est pô juste...;Zep;44;5470;716;76
312.0;Bande dessinée jeunesse;509;Very bad trip;Midam;48;1253;643;57
497.0;Livre pour adulte;425;Et vous avez eu beau temps ? : la perfidie ordinaire des petites phrases;Delerm, Philippe;43;433;0;45
439.0;Bande dessinée jeunesse;448;Le maître blagueur;Coppée, Thierry;43;3668;570;56
496.0;Bande dessinée jeunesse;425;My hero academia. 3;Horikoshi, Kohei;43;1004;472;53
471.0;Bande dessinée pour adulte;434;Une soeur;Vivès, Bastien;49;906;421;49
418.0;Livre pour adulte;456;L'art de perdre;Zeniter, Alice;51;733;261;61
481.0;Bande dessinée jeunesse;430;Jeux de vilains;Midam;43;4703;657;62
421.0;Bande dessinée jeunesse;455;Objectif lune;Hergé;50;5061;582;79
458.0;Bande dessinée jeunesse;441;Diego;Darasse;50;4306;638;67
443.0;DVD jeunesse;447;Vaiana, la légende du bout du monde : Droit de prêt seulement;;41;916;380;52
446.0;DVD jeunesse;445;Fantastic Mr. Fox;;45;3541;486;57
231.0;Livre jeunesse;577;Le cousin de Max et Lili se drogue;Saint-Mars, Dominique de;37;4202;626;69
190.0;Livre jeunesse;620;Max et Lili veulent des câlins;Saint-Mars, Dominique de;41;5939;794;75
214.0;Livre jeunesse;598;Lili veut de l'argent de poche;Saint-Mars, Dominique de;37;5071;738;65
216.0;Livre jeunesse;596;Max et Koffi sont copains;Saint-Mars, Dominique de;36;4633;685;68
224.0;Livre jeunesse;584;Lili a peur des contrôles;Saint-Mars, Dominique de;40;4395;785;70
206.0;Bande dessinée jeunesse;602;Pas de pitié pour les nazebroques !;Tan;44;2525;694;60
233.0;Bande dessinée jeunesse;576;Quelle chouchoute !;Maury, William;47;3690;779;71
195.0;Bande dessinée jeunesse;616;La rentrée des claques;Mr Tan;47;2162;793;68
202.0;Livre pour adulte;610;Chanson douce;Slimani, Leïla;51;2211;1169;72
193.0;Livre jeunesse;618;Bébés chouettes;Waddell, Martin;52;5567;744;165
249.0;Livre jeunesse;560;Harry Potter et l'enfant maudit : parties un et deux;Thorne, Jack;56;1886;968;97
234.0;Bande dessinée jeunesse;576;Tout pour lui plaire !;Cazenove, Christophe;40;2534;694;64
269.0;Bande dessinée jeunesse;537;Bonjour les cadeaux !;Cohen, Jacqueline;30;5068;765;62
252.0;Bande dessinée jeunesse;557;Bisbille fait mouche;Guibert, Emmanuel;35;2576;596;55
258.0;Bande dessinée jeunesse;548;Le combat des chefs;Goscinny, René;48;5504;808;73
267.0;Livre sonore jeunesse;540;Coco et le bébé;Du Bouchet, Paule;44;3029;542;93
271.0;Bande dessinée jeunesse;533;Dégâts à gogo !;Cohen, Jacqueline;30;4297;742;64
240.0;Bande dessinée jeunesse;569;C'est magique !;Cohen, Jacqueline;34;4490;823;75
262.0;Bande dessinée jeunesse;546;Le miracle de la vie;Zep;47;4089;745;78
254.0;Bande dessinée jeunesse;551;Star à domicile;Nob;49;558;14;55
119.0;Bande dessinée jeunesse;712;Les Légendaires. 16. L'éternité ne dure qu'un temps;Sobral, Patrick;51;3518;819;82
89.0;Livre jeunesse;752;Max décide de faire des efforts;Saint-Mars, Dominique de;36;5925;942;81
113.0;Livre jeunesse;721;Grand-père est mort;Saint-Mars, Dominique de;43;5946;909;86
77.0;Bande dessinée jeunesse;765;Les dents du lapin;Guibert, Emmanuel;49;4863;1100;85
87.0;Livre jeunesse;754;Max est racketté;Saint-Mars, Dominique de;45;6443;1041;91
85.0;Bande dessinée jeunesse;757;Abracada...boum !;Cohen, Jacqueline;45;7211;1039;92
128.0;Livre jeunesse;697;Max est timide;Saint-Mars, Dominique de;44;7035;909;86
94.0;Bande dessinée jeunesse;744;Frères ennemis;Sobral, Patrick;52;6518;1007;96
112.0;Livre pour adulte;721;Souvenirs dormants;Modiano, Patrick;52;813;78;55
129.0;Bande dessinée jeunesse;695;Idylles;Neel, Julien;50;5262;1037;90
35.0;Livre jeunesse;843;Max et Lili veulent tout savoir sur les bébés;Saint-Mars, Dominique de;46;5808;1057;96
45.0;Livre jeunesse;818;Max et Lili se posent des questions sur Dieu;Saint-Mars, Dominique de;49;6746;962;109
31.0;Livre jeunesse;861;Max et Lili veulent éduquer leurs parents;Saint-Mars, Dominique de;48;8529;1163;112
12.0;Livre jeunesse;1018;Max et Lili décident de bien manger;Saint-Mars, Dominique de;50;1544;452;107
13.0;Livre jeunesse;1015;Max et Lili vont chez papy et mamie;Saint-Mars, Dominique de;52;5013;1514;131
15.0;Livre jeunesse;995;Lili invite une copine en vacances;Saint-Mars, Dominique de;50;6153;1323;122
30.0;Livre jeunesse;866;Max et Lili font du camping;Saint-Mars, Dominique de;50;6323;1214;107
27.0;Bande dessinée jeunesse;879;La salsa des saucisses;Cohen, Jacqueline;49;9196;1234;107
49.0;Bande dessinée jeunesse;811;Le papyrus de César;Ferri, Jean-Yves;55;3641;1086;109
28.0;Bande dessinée jeunesse;870;Ca roule !;Cohen, Jacqueline;45;8275;1193;107
370.0;Bande dessinée jeunesse;477;Les schtroumpfs et le livre qui dit tout;Jost, Alain;31;5311;648;53
336.0;Bande dessinée jeunesse;496;Le spectre de la Bastille. 1;Lyfoung, Patricia;47;3545;670;55
344.0;Bande dessinée jeunesse;494;L'histoire drôle;Coppée, Thierry;46;3542;664;58
323.0;Bande dessinée jeunesse;500;Amies pour la vie !. 14;Darasse;52;1970;815;60
361.0;Bande dessinée jeunesse;482;Le secret de la Licorne;Hergé;54;6309;677;90
324.0;Bande dessinée jeunesse;500;Le grand fossé;Uderzo, Albert;41;5101;506;63
364.0;Bande dessinée jeunesse;481;Dad. 2. Secrets de famille;Nob;50;2003;721;56
332.0;Livre sonore jeunesse;496;Dodo, Coco !;Du Bouchet, Paule;41;1562;551;74
369.0;Bande dessinée jeunesse;477;Tintin au Tibet;Hergé;54;6113;659;95
340.0;Bande dessinée jeunesse;495;Tchô, monde cruel;Zep;45;5240;690;74
189.0;Livre jeunesse;622;Lili part en camp de vacances;Saint-Mars, Dominique de;38;5200;843;73
156.0;Bande dessinée jeunesse;662;C'est elle qui a commencé;Cazenove, Christophe;45;3337;676;68
153.0;Livre jeunesse;668;Lucien n'a pas de copains;Saint-Mars, Dominique de;38;5750;785;76
181.0;Livre jeunesse;629;Max ne pense qu'au zizi;Saint-Mars, Dominique de;46;4228;815;91
150.0;Bande dessinée jeunesse;675;Lou !. 6. L'âge de cristal;Neel, Julien;46;5029;1027;87
133.0;Livre jeunesse;691;Lili découvre sa Mamie;Saint-Mars, Dominique de;36;6946;970;77
175.0;Livre jeunesse;635;Jérémy est maltraité;Saint-Mars, Dominique de;41;5611;747;70
170.0;Bande dessinée jeunesse;639;Ca va chauffer !;Cohen, Jacqueline;38;5035;907;76
138.0;Bande dessinée jeunesse;685;Sang royal;Sobral, Patrick;53;4540;937;90
172.0;Bande dessinée jeunesse;636;Un talent monstre !;Tan;45;3180;854;67
50.0;Bande dessinée jeunesse;808;Le cycle d'Anathos : la marque du destin;Sobral, Patrick;51;5108;1046;93
52.0;Livre jeunesse;804;Max et Lili veulent tout tout de suite !;Saint-Mars, Dominique de;44;7242;1033;91
71.0;Bande dessinée jeunesse;776;Les Légendaires. 14. L'héritage du mal;Sobral, Patrick;51;5036;1063;92
56.0;Livre jeunesse;797;Max et lili sont fans de marques;Saint-Mars, Dominique de;44;6922;955;88
74.0;Livre jeunesse;770;Lili veut un petit chat;Saint-Mars, Dominique de;45;7685;1095;92
69.0;Bande dessinée jeunesse;780;Tremblez, carcasses !;Cohen, Jacqueline;40;6329;1079;88
65.0;Bande dessinée jeunesse;783;Au zoo, les zozos !;Cohen, Jacqueline;46;7413;1117;100
63.0;Bande dessinée jeunesse;787;Increvables !;Cohen, Jacqueline;44;6848;1177;101
16.0;Livre jeunesse;982;Max et Lili trouvent leur cousin angoissé;Saint-Mars, Dominique de;51;5383;1414;122
5.0;Livre jeunesse;1055;Max et Lili en ont marre de se dépêcher;Saint-Mars, Dominique de;51;7526;1468;135
7.0;Livre jeunesse;1050;Max et Lili ont des pouvoirs magiques;Saint-Mars, Dominique de;52;9743;1555;134
38.0;Livre jeunesse;833;Max se fait insulter à la récré;Saint-Mars, Dominique de;44;5814;926;91
19.0;Livre jeunesse;952;Max et Lili veulent être gentils;Saint-Mars, Dominique de;48;8114;1326;118
24.0;Livre jeunesse;895;Lili se fait piéger sur internet;Saint-Mars, Dominique de;45;6498;1020;103
23.0;Livre jeunesse;930;Lili veut un téléphone portable;Saint-Mars, Dominique de;45;9056;1310;118
34.0;Livre jeunesse;848;Max veut sauver les animaux;Saint-Mars, Dominique de;46;7861;1144;102
40.0;Bande dessinée jeunesse;824;Bande de sauvages !;Cohen, Jacqueline;46;6643;1126;97
211.0;Bande dessinée jeunesse;600;La rose écarlate. 7. Tu seras toujours à moi;Lyfoung, Patricia;49;5300;932;75
260.0;Bande dessinée jeunesse;546;Les Schtroumpfs et les haricots mauves;Culliford, Thierry;47;638;77;53
259.0;Livre pour adulte;546;La fille qui rendait coup pour coup;Lagercrantz, David;52;862;288;61
244.0;Bande dessinée jeunesse;566;Je veux que tu m'aimes !;Lyfoung, Patricia;50;7045;962;87
250.0;Bande dessinée jeunesse;558;Un bonheur presque parfait;Dubuc, Maryse;48;2183;765;63
261.0;Livre pour adulte;546;La symphonie du hasard. 1;Kennedy, Douglas;48;590;35;51
265.0;Bande dessinée jeunesse;541;Le chevalier cheval;Guibert, Emmanuel;36;2643;677;60
274.0;Bande dessinée jeunesse;530;Asterix en Corse;Goscinny, René;42;4698;624;70
276.0;Bande dessinée jeunesse;529;Mes meilleurs copains;Zep;43;4245;715;71
268.0;Bande dessinée jeunesse;538;Watergate;Midam;46;3732;774;59
162.0;Livre jeunesse;649;Max va à la peche avec son père;Saint-Mars, Dominique de;44;5302;799;78
167.0;Bande dessinée jeunesse;646;Mortelle Adèle. 2. L'enfer c'est les autres;Tan;45;3305;869;65
173.0;Bande dessinée jeunesse;636;Toujours dans les pattes !;Cazenove, Christophe;43;2336;725;64
174.0;Bande dessinée jeunesse;636;Astérix et les Normands;Goscinny, René;48;6796;786;82
168.0;Bande dessinée jeunesse;645;Titeuf. 14. Bienvenue en adolescence !;Zep;50;3107;960;83
187.0;Livre jeunesse;626;Nina a été adoptée;Saint-Mars, Dominique de;39;6314;863;73
155.0;Bande dessinée jeunesse;662;Le royaume des larmes;Sobral, Patrick;51;702;19;80
160.0;Livre sonore jeunesse;652;L'anniversaire de Coco;Du Bouchet, Paule;50;3968;684;102
159.0;Bande dessinée jeunesse;652;Et que ça saute !;Cohen, Jacqueline;41;4954;894;72
184.0;Livre jeunesse;628;Max est maladroit;Saint-Mars, Dominique de;44;6206;822;76
207.0;Bande dessinée jeunesse;602;Tu aurais dû me laisser mourir;Lyfoung, Patricia;52;3930;894;75
198.0;Bande dessinée jeunesse;613;Astérix aux Jeux Olympiques;Goscinny, René;47;7047;796;79
199.0;Livre pour adulte;612;Celle qui fuit et celle qui reste;Ferrante, Elena;47;1478;845;71
215.0;Bande dessinée jeunesse;597;Je crois que je t'aime;Lyfoung, Patricia;49;4771;774;77
237.0;Livre pour adulte;573;On la trouvait plutôt jolie;Bussi, Michel;52;696;111;56
225.0;Bande dessinée jeunesse;584;A la mode de chez nous;Cazenove;46;3656;780;67
236.0;Bande dessinée jeunesse;574;Une jolie vache;Guibert, Emmanuel;33;2577;659;57
239.0;Livre sonore jeunesse;570;Coco et son pot;Du Bouchet, Paule;50;2452;679;100
188.0;Bande dessinée jeunesse;624;Ca déménage !;Didier, Anne;47;2175;879;59
238.0;Bande dessinée jeunesse;570;La loi du préau;Zep;48;4744;778;85
142.0;Livre jeunesse;679;Max veut etre délégué de classe;Saint-Mars, Dominique de;43;6152;913;83
117.0;Livre jeunesse;715;Max trouve que c'est pas juste;Saint-Mars, Dominique de;46;6686;999;104
110.0;Livre jeunesse;726;Lili se fait toujours gronder;Saint-Mars, Dominique de;45;6931;946;89
139.0;Bande dessinée jeunesse;684;Le cycle d'Anathos : renaissance;Sobral, Patrick;49;4368;900;86
126.0;Livre jeunesse;700;Max et Lili sont malades;Saint-Mars, Dominique de;37;4701;845;72
130.0;Bande dessinée jeunesse;694;Les deux terreurs;Cohen, Jacqueline;40;6546;993;85
118.0;Livre jeunesse;714;Max va à l'hopital;Saint-Mars, Dominique de;45;5840;899;78
125.0;Bande dessinée jeunesse;704;Les trois baudets;Guibert, Emmanuel;45;4056;820;72
91.0;Livre jeunesse;748;Max se trouve nul;Saint-Mars, Dominique de;45;6341;983;99
141.0;Bande dessinée jeunesse;681;Ça sent la croquette !;Mr Tan;45;1473;679;69
302.0;Bande dessinée jeunesse;516;La Belle et le loup. 1;Lyfoung, Patricia;49;881;319;57
299.0;Bande dessinée jeunesse;518;Le trésor de Rackham le Rouge;Hergé;56;6967;789;95
293.0;Bande dessinée jeunesse;520;Le cadeau de César;Goscinny, René;45;5443;651;69
304.0;Bande dessinée jeunesse;516;Où es-tu ?;Lyfoung, Patricia;51;4570;810;74
289.0;Bande dessinée jeunesse;524;Naruto. 1;Kishimoto, Masashi;45;3440;644;74
284.0;Bande dessinée jeunesse;526;Un air de famille;Cazenove;42;3208;696;62
287.0;Bande dessinée jeunesse;524;Ca épate les filles...;Zep;43;4443;706;75
290.0;Bande dessinée jeunesse;522;Dad. 1. Filles à papa;Nob;50;2398;730;58
297.0;Livre jeunesse;519;Sur le chantier;Barton, Byron;51;2453;562;129
314.0;Livre pour adulte;508;La soif;Nesbo, Jo;52;552;31;54
376.0;Livre jeunesse;475;Le petit déjeuner de la famille Souris;Iwamura, Kazuo;49;4539;625;95
377.0;Livre sonore jeunesse;475;Le pyjama de Coco;Du Bouchet, Paule;44;2801;543;84
365.0;Bande dessinée jeunesse;481;Le bébé schtroumpf;Peyo;35;4834;614;53
362.0;Livre pour adulte;482;Trois baisers;Pancol, Katherine;53;644;141;61
367.0;Bande dessinée jeunesse;479;Aïe aïe eye;Midam;50;505;5;61
88.0;Livre jeunesse;754;Les parents de Max et Lili se disputent;Saint-Mars, Dominique de;43;7963;1042;85
48.0;Livre jeunesse;813;La copine de Lili a une maladie grave;Saint-Mars, Dominique de;45;7130;1011;93
62.0;Livre jeunesse;787;Lili se dispute avec son frère;Saint-Mars, Dominique de;45;7711;1015;91
76.0;Livre jeunesse;767;Max n'en fait qu'à sa tête;Saint-Mars, Dominique de;42;6592;940;90
41.0;Bande dessinée jeunesse;824;Les premiers de la casse;Cohen, Jacqueline;42;6417;1133;94
78.0;Bande dessinée jeunesse;764;Les mabouls déboulent !;Cohen, Jaqueline;44;6366;1015;91
72.0;Livre jeunesse;775;Lili a peur de la mort;Saint-Mars, Dominique de;47;7614;1093;112
43.0;Livre jeunesse;819;Max embête les filles;Saint-Mars, Dominique de;46;6938;1077;96
47.0;Bande dessinée jeunesse;814;Drôle de cirque !;Cohen, Jacqueline;46;6890;1126;88
67.0;Bande dessinée jeunesse;783;Trop, c'est trop !;Cohen, Jacqueline;46;8160;1154;99
327.0;Bande dessinée jeunesse;498;Les sisters. 10. Survitaminées !;Cazenove, Christophe;46;1812;574;61
349.0;Bande dessinée jeunesse;490;La quatrième dimension et demie;Vehlmann, Fabien;51;4828;769;69
353.0;Bande dessinée jeunesse;488;Sous les cahiers, la plage;Coppée, Thierry;43;4327;646;56
334.0;Bande dessinée jeunesse;496;Bienvenue au club !;Cohen, Jacqueline;32;3893;655;57
355.0;Bande dessinée jeunesse;488;Le schtroumpfissime;Delporte, Yvan;41;4664;652;56
341.0;Bande dessinée jeunesse;495;Pour qui tu te prends ?;Delaf;40;3368;698;64
343.0;Bande dessinée jeunesse;494;Tintin et les Picaros;Hergé;53;6419;756;89
320.0;Bande dessinée jeunesse;502;L'affaire Tournesol;Hergé;55;6670;709;93
351.0;Bande dessinée jeunesse;489;Lâchez-moi le slip !;Zep;46;3815;683;76
385.0;Bande dessinée jeunesse;471;Punis pour le meilleur et pour le pire;Godi, Bernard;40;4109;582;54
415.0;Livre sonore jeunesse;458;Coco et les bulles de savon;Du Bouchet, Paule;40;2785;571;83
400.0;Livre jeunesse;464;Max part en classe verte;Saint-Mars, Dominique de;33;3235;593;51
406.0;Bande dessinée jeunesse;461;Profession tricheur !;Godi, Bernard;40;536;79;44
423.0;Bande dessinée jeunesse;454;Peut mieux faire !;Godi, Bernard;40;3709;555;50
403.0;Livre jeunesse;462;Vroum ! Vroum !;Delebecque, François;51;2322;481;104
393.0;DVD jeunesse;468;Moi, moche et méchant 2;;42;2750;578;60
571.0;Bande dessinée jeunesse;400;My hero academia. 8. Momo Yaoyorozu : l'envol;Horikoshi, Kohei;46;579;150;49
605.0;Bande dessinée jeunesse;392;Emile et Margot. 7. Monstres en folie;Didier, Anne;38;717;278;40
554.0;Bande dessinée jeunesse;405;Tom-Tom et ses idées explosives;Cohen, Jacqueline;30;3581;581;48
611.0;Livre pour adulte;391;D'après une histoire vraie;Vigan, Delphine de;52;2337;556;64
617.0;Livre sonore jeunesse;389;Coco et la confiture;Du Bouchet, Paule;41;2347;425;67
620.0;DVD jeunesse;388;Harry Potter et la coupe de feu;Newell, Mike;35;3403;524;51
552.0;Bande dessinée jeunesse;406;Mon meilleur ami;Verron, Laurent;44;5102;580;63
557.0;Bande dessinée jeunesse;405;Naruto. 3;Kishimoto, Masashi;45;3861;514;65
558.0;Bande dessinée jeunesse;405;Oohiohioo !;Didier, Anne;30;1822;528;39
604.0;DVD jeunesse;392;Comme des bêtes;;37;887;412;43
2.0;Livre jeunesse;1101;Lili a trop honte;Saint-Mars, Dominique de;54;7337;1496;136
358.0;Livre pour adulte;486;L'amie prodigieuse : enfance, adolescence;Ferrante, Elena;37;1240;507;67
366.0;Bande dessinée jeunesse;480;La dame en rouge. 2;Lyfoung, Patricia;47;1574;766;58
350.0;Bande dessinée jeunesse;489;Les 7 boules de cristal;Hergé;53;6382;723;94
354.0;Bande dessinée jeunesse;488;L'oeuf et les schtroumpfs;Peyo;37;4640;602;57
368.0;DVD jeunesse;478;La château dans le ciel;Miyazaki, Hayao;42;3428;547;63
379.0;Livre pour adulte;473;Alma;Le Clézio, Jean-Marie Gustave;52;637;142;53
363.0;Bande dessinée jeunesse;482;Apocalypse boy;Midam;44;4870;642;62
357.0;Bande dessinée jeunesse;487;Dark, j'adore !;Midam;46;5264;660;67
373.0;Jeux de société;475;Uno :;;3;522;35;7
241.0;Bande dessinée jeunesse;569;Un petit âne comme vous et moi;Guibert, Emmanuel;33;2763;690;63
256.0;Bande dessinée jeunesse;550;Le ciel lui tombe sur la tete;Uderzo, Albert;44;5515;706;73
197.0;Livre jeunesse;615;Les parents de Zoé divorcent;Saint-Mars, Dominique de;39;6650;812;78
228.0;Bande dessinée jeunesse;580;Les nombrils. 3. Les liens de l'amitié;Delaf;45;3267;729;74
246.0;Livre jeunesse;564;Max veut se faire des amis;Saint-Mars, Dominique de;38;4633;642;72
232.0;Bande dessinée jeunesse;576;J'irai voir Venise;Lyfoung, Patricia;50;5616;862;78
229.0;Bande dessinée jeunesse;579;Le sot à ski;Coppée, Thierry;47;4990;901;72
227.0;Bande dessinée jeunesse;581;Chat méchant;Guibert, Emmanuel;42;3459;728;66
226.0;Livre pour adulte;581;Double piège;Coben, Harlan;50;757;164;53
194.0;Bande dessinée jeunesse;617;Mortelle Adèle. T.10 . Choubidoulove;;44;1817;841;71
163.0;Bande dessinée jeunesse;649;Les légendaires : Les origines. 03. Gryfenfer;Sobral, Patrick;48;3755;927;73
179.0;Bande dessinée jeunesse;632;Anatole Latuile. 6. Pas de panique !;Didier, Anne;44;4242;885;64
177.0;Livre jeunesse;633;Lili veut protéger la nature;Saint-Mars, Dominique de;40;5385;712;79
186.0;Bande dessinée jeunesse;627;Les nombrils. 6. Un été trop mortel !;Delaf;48;3512;865;74
166.0;Bande dessinée jeunesse;647;Astérix et les Goths;Goscinny, René;43;5254;779;74
164.0;Bande dessinée jeunesse;649;Obélix et compagnie;Goscinny, René;50;6931;806;90
144.0;Livre jeunesse;678;Max est casse-cou;Saint-Mars, Dominique de;43;4882;706;77
151.0;Livre jeunesse;672;Max adore jouer;Saint-Mars, Dominique de;41;6829;846;83
191.0;Bande dessinée jeunesse;620;Le roi du chahut;Didier, Anne;46;2826;890;58
192.0;Livre pour adulte;618;Frappe-toi le coeur;Nothomb, Amélie;52;1272;633;64
25.0;Livre jeunesse;886;Max et Lili ne font pas leurs devoirs;Saint-Mars, Dominique de;46;7643;1099;107
32.0;Livre jeunesse;855;Le tonton de Max et Lili est en prison;Saint-Mars, Dominique de;41;6036;900;88
22.0;Livre jeunesse;934;Max et Lili ont volé des bonbons;Saint-Mars, Dominique de;45;8031;1396;106
42.0;Livre jeunesse;822;Lili est fâchée avec sa copine;Saint-Mars, Dominique de;46;7365;1056;102
54.0;Livre jeunesse;803;Lili veut choisir ses habits;Saint-Mars, Dominique de;43;7165;1039;91
37.0;Bande dessinée jeunesse;837;Astérix chez les Pictes;Ferri, Jean-Yves;55;6247;1081;117
39.0;Livre jeunesse;825;Lili veut faire une boum;Saint-Mars, Dominique de;45;6556;1107;93
53.0;Bande dessinée jeunesse;804;Poux, papous et pas papous;Cohen, Jacqueline;50;7158;1142;100
33.0;Livre jeunesse;852;Lili va chez la psy;Saint-Mars, Dominique de;46;7878;1094;94
8.0;Livre jeunesse;1032;Va-t'en, grand monstre vert !;Emberley, Ed;54;7659;1334;220
103.0;Bande dessinée jeunesse;733;Les Légendaires. 15. Amour mortel;Sobral, Patrick;49;5067;1017;83
101.0;Livre jeunesse;733;Lili n'aime que les frites;Saint-Mars, Dominique de;43;5884;1030;87
114.0;Bande dessinée jeunesse;720;C'est dans sa nature;Cazenove, Christophe;47;1561;763;68
123.0;Livre jeunesse;705;Max fait pipi au lit;Saint-Mars, Dominique de;45;4593;819;88
124.0;Livre jeunesse;704;Max et Lili ont peur;Saint-Mars, Dominique de;43;6332;967;92
132.0;Livre jeunesse;692;Simon a deux maisons;Saint-Mars, Dominique de;42;7084;936;94
96.0;Livre jeunesse;740;Lili se trouve moche;Saint-Mars, Dominique de;42;6561;953;91
95.0;Livre jeunesse;742;Max n'aime pas lire;Saint-Mars, Dominique de;45;6938;996;94
134.0;Bande dessinée jeunesse;690;Versus inferno;Sobral, Patrick;48;4415;797;85
121.0;Livre pour adulte;706;Quand sort la recluse;Vargas, Fred;52;1330;595;73
92.0;Bande dessinée jeunesse;748;Les vacances infernales;Cohen, Jacqueline;42;6142;1024;85
73.0;Livre jeunesse;772;Lili veut etre une star;Saint-Mars, Dominique de;41;6140;961;86
83.0;Livre jeunesse;759;Lili a un chagrin d'amour;Saint-Mars, Dominique de;42;5774;957;97
86.0;Bande dessinée jeunesse;756;Le réveil du Kréa-Kaos;Sobral, Patrick;51;5728;941;86
90.0;Bande dessinée jeunesse;749;Salut, les zinzins !;Cohen, Jacqueline;43;6463;1061;87
57.0;Livre jeunesse;797;Lili est amoureuse;Saint-Mars, Dominique de;49;6682;1033;100
61.0;Bande dessinée jeunesse;788;Main du futur;Sobral, Patrick;52;7517;1131;92
68.0;Bande dessinée jeunesse;781;Journal infime;Neel, Julien;51;5992;1052;106
55.0;Bande dessinée jeunesse;798;Le gardien;Sobral, Patrick;52;6599;1082;99
81.0;Bande dessinée jeunesse;762;Lou !. 5;Neel, Julien;52;6458;1141;100
266.0;Bande dessinée jeunesse;540;Les Cartables décollent;Cohen, Jacqueline;40;4614;750;66
280.0;Livre sonore jeunesse;527;Coco en vacances;Du Bouchet, Paule;51;698;123;88
294.0;Bande dessinée jeunesse;519;L'amour, c'est pô propre...;Zep;48;5141;719;79
291.0;Bande dessinée jeunesse;521;Fatal attraction;Adam;49;1618;827;53
257.0;Bande dessinée jeunesse;549;Les nerfs à vif;Nob;51;1527;835;59
315.0;Bande dessinée jeunesse;507;Un enfant chez les schtroumpfs;Díaz Vizoso, Miguel;40;6763;683;63
330.0;Bande dessinée jeunesse;497;Je savais que je te rencontrerais;Lyfoung, Patricia;45;4638;703;77
321.0;Bande dessinée jeunesse;502;Au coeur du maelström;Vehlmann, Fabien;52;5820;791;78
339.0;Bande dessinée jeunesse;495;Paddle... my name is Kid Paddle;Midam;45;5180;636;65
308.0;Bande dessinée jeunesse;512;La galère d'Obélix;Uderzo, Albert;42;5686;682;72
295.0;Bande dessinée jeunesse;519;Super zéro !;Coppée, Thierry;45;1237;632;53
313.0;Bande dessinée jeunesse;508;#Grosse;Zidrou;50;1043;485;59
325.0;Bande dessinée jeunesse;500;Les Schtroumpfs de l'ordre;;38;4599;694;54
335.0;DVD jeunesse;496;Hugo Cabret;;45;4465;693;62
380.0;Bande dessinée jeunesse;473;Le tour de Gaule d'Astérix;Goscinny, René;39;4080;634;65
383.0;Bande dessinée jeunesse;472;Un copieur sachant copier;Godi, Bernard;37;3693;562;48
401.0;Bande dessinée jeunesse;464;Chi, une vie de chat. 1;Konami, K.;49;4272;677;77
409.0;Bande dessinée jeunesse;460;La Schtroumpfette;Delporte, Yvan;40;5239;607;56
427.0;Livre jeunesse;451;Max est jaloux;Saint-Mars, Dominique de;33;4910;609;55
424.0;Bande dessinée jeunesse;454;Les arènes;Vehlmann, Fabien;52;3217;668;65
391.0;Bande dessinée jeunesse;469;Le lotus bleu;Hergé;49;6509;703;86
412.0;Bande dessinée jeunesse;460;Slime project;Midam;46;3503;627;56
392.0;DVD jeunesse;468;Ernest et Célestine;;50;3411;542;68
451.0;Livre pour adulte;443;C'est le coeur qui lâche en dernier;Atwood, Margaret;51;744;245;54
478.0;Bande dessinée jeunesse;432;Schtroumpf-les-Bains;Culliford, Thierry;32;3112;483;44
472.0;Bande dessinée jeunesse;434;Toujours plus fort !;Cohen, Jacqueline;32;3135;650;56
445.0;Livre pour adulte;445;Le livre des Baltimore : roman;Dicker, Joël;51;2143;548;61
466.0;Bande dessinée jeunesse;436;L'école des vannes;Coppée, Thierry;38;3548;555;53
430.0;Bande dessinée jeunesse;450;Docteur schtroumpf;Parthoens, Luc;32;3963;558;45
447.0;Bande dessinée jeunesse;444;Le fils d'Astérix;Uderzo, Albert;45;5145;528;65
444.0;Livre pour adulte;446;Entrez dans la danse;Teulé, Jean;48;463;0;54
459.0;Bande dessinée jeunesse;439;Fenetre sur cours;Pica;33;3680;569;47
450.0;Livre jeunesse;443;Un looong voyage;Kinney, Jeff;51;1566;610;64
491.0;Bande dessinée jeunesse;428;C'est quand qu'on part ?;Cauvin, Raoul;47;3649;620;53
504.0;Livre jeunesse;424;Maman Quichon se fâche;Vaugelade, Anaïs;50;4310;529;101
515.0;Bande dessinée jeunesse;421;Le canard calé;Guibert, Emmanuel;50;437;1;70
507.0;Bande dessinée jeunesse;423;Ils sont partout !;Didier, Anne;41;1522;617;46
482.0;Bande dessinée jeunesse;430;Miss dix sur dix;Godi, Bernard;36;3156;485;48
510.0;Livre pour adulte;422;Une colonne de feu;Follett, Ken;46;599;142;54
514.0;Livre pour adulte;421;La serpe;Jaenada, Philippe;48;656;228;53
26.0;Livre jeunesse;886;Lili est stressée par la rentrée;Saint-Mars, Dominique de;51;7651;1123;108
14.0;Bande dessinée jeunesse;996;Astérix et la Transitalique;Ferri, Jean-Yves;57;1333;278;111
3.0;Livre jeunesse;1079;Max en a marre de sa soeur;Saint-Mars, Dominique de;51;2409;1173;117
59.0;Bande dessinée jeunesse;796;Tom-Tom et l'impossible Nana;Cohen, Jacqueline;47;6711;1146;96
75.0;Livre jeunesse;768;Lili regarde trop la télé;Saint-Mars, Dominique de;42;5551;971;83
18.0;Bande dessinée jeunesse;970;Subliiiimes !;Cohen, Jacqueline;48;7593;1241;110
651.0;Enregistrement musical pour la jeunesse;381;Comptines pour chanter en anglais;Hudrisier, Cécile;51;3600;449;90
668.0;DVD jeunesse;375;Harry Potter à l'école des sorciers;Columbus, Chris;36;2876;555;49
679.0;Bande dessinée jeunesse;373;La tribu des affreux;Cohen, Jacqueline;32;2526;556;49
681.0;Livre pour adulte;372;Un appartement à Paris;Musso, Guillaume;44;701;337;48
646.0;Bande dessinée jeunesse;382;Naruto. 8;Kishimoto, Masashi;43;3269;545;57
670.0;Livre jeunesse;375;Roulé le loup !;Gay-Para, Praline;42;3280;402;94
684.0;Bande dessinée jeunesse;372;Pas vu, pas pris !;Zidrou;30;2586;409;37
654.0;Bande dessinée jeunesse;380;Chat glisse;Davis, Jim;47;390;4;51
652.0;Bande dessinée jeunesse;380;En scène !. 1;Cuvie;40;806;387;57
669.0;DVD jeunesse;375;Mary Poppins;Stevenson, Robert;40;3002;511;57
713.0;Livre sonore jeunesse;365;Bulle et Bob se déguisent;Tual, Nathalie;46;906;394;73
727.0;Bande dessinée pour adulte;363;L'étoile du matin;Giacometti, Eric;43;480;106;44
689.0;Bande dessinée jeunesse;371;Interdit aux monstres;Didier, Anne;38;2720;492;43
686.0;Livre pour adulte;371;Le jour d'avant : roman;Chalandon, Sorj;50;780;385;52
722.0;Livre jeunesse;364;La mémoire de Babel;Dabos, Christelle;49;510;142;56
701.0;Bande dessinée jeunesse;368;Exécrable par nature;Bertschy;43;2019;577;46
717.0;Livre jeunesse;365;Une soupe au caillou;Vaugelade, Anaïs;49;3418;448;104
721.0;Bande dessinée jeunesse;364;Fairy Tail. 50;Mashima, Hiro;45;1396;566;50
715.0;Bande dessinée jeunesse;365;Platine laser;Sfar, Joann;43;2980;476;54
708.0;Livre pour adulte;367;L'appel du néant;Chattam, Maxime;44;373;3;44
631.0;Bande dessinée jeunesse;386;My hero academia. 5. Shoto Todoroki : les origines;Horikoshi, Kohei;45;919;447;49
642.0;Bande dessinée jeunesse;382;My hero academia. 4. Celui qui avait tout;Horikoshi, Kohei;46;920;448;51
621.0;Bande dessinée jeunesse;388;Les schtroumpfs joueurs;Parthoens, Luc;30;3868;507;46
632.0;Livre pour adulte;386;Tiens ferme ta couronne;Haenel, Yannick;44;660;286;45
639.0;Bande dessinée jeunesse;383;Le monde à l'envers;Didier, Anne;38;1829;546;41
616.0;Livre pour adulte;389;La fille à histoires;Frain, Irène;38;533;134;40
626.0;Bande dessinée jeunesse;387;Loto et colles;Pica;28;3279;500;41
618.0;DVD jeunesse;388;BGG - Le Bon Gros Géant;;39;873;389;42
630.0;DVD jeunesse;386;Les aristochats;;40;1244;490;50
643.0;DVD jeunesse;382;Ballerina;;39;701;258;41
771.0;Bande dessinée jeunesse;356;Chi, une vie de chat. 10;Konami, Kanata;48;2555;517;55
807.0;Bande dessinée jeunesse;348;Louca. 2. Face à face;Dequier, Bruno;39;1597;453;51
803.0;Livre jeunesse;348;Le loup est revenu !;Pennart, Geoffroy de;47;2351;425;73
769.0;Bande dessinée jeunesse;356;Naruto. 18;Kishimoto, Masashi;46;3934;493;59
810.0;Bande dessinée pour adulte;347;Diplomatie;Nury, Fabien;41;354;0;41
797.0;Bande dessinée jeunesse;349;Mise en examen;Pica;27;2451;440;40
775.0;Bande dessinée jeunesse;355;Oups !;Midam;36;2875;542;41
575.0;Livre pour adulte;399;Homo deus : une brève histoire de l'avenir;Harari, Yuval Noah;48;574;151;55
578.0;DVD jeunesse;399;Harry Potter et le prisonnier d'Azkaban;Cuaron, Alfonso;40;3116;517;54
565.0;Livre pour adulte;402;La vie secrète des arbres;Wohlleben, Peter;46;748;321;56
544.0;Bande dessinée jeunesse;408;Un rêve pour trois;Hamon, Jérôme;43;694;244;45
547.0;Livre jeunesse;407;Nina en colère;Naumann-Villemin, Christine;49;723;253;58
607.0;Bande dessinée jeunesse;392;Naruto. 9;Kishimoto, Masashi;43;4179;551;59
581.0;Bande dessinée jeunesse;398;Gâteau-surprise;Laudec;40;4091;508;54
613.0;Livre pour adulte;391;En camping-car;Jablonka, Ivan;43;402;0;43
553.0;Livre jeunesse;406;Papa dort;Le Saux, Alain;37;2137;447;92
579.0;DVD jeunesse;399;Moi, moche et méchant;;36;3282;604;50
734.0;Bande dessinée jeunesse;362;My hero academia. 7. Katsuki Bakugo : les origines;Horikoshi, Kohei;45;783;362;49
755.0;Livre jeunesse;358;La lessive de la famille Souris;Iwamura, Kazuo;36;3766;419;52
742.0;Bande dessinée jeunesse;360;Une soeur Présidente;Dutto, Olivier;31;649;273;42
762.0;Bande dessinée jeunesse;357;Garfield perd la boule;Davis, Jim;46;1484;510;49
735.0;Bande dessinée jeunesse;362;Premiers doutes;Hamon, Jérôme;44;451;76;45
757.0;Bande dessinée jeunesse;358;Naruto. 12;Kishimoto, Masashi;45;4387;488;55
758.0;Livre jeunesse;358;Trop c'est trop;Kinney, Jeff;48;2976;480;62
731.0;Livre jeunesse;363;A ce soir !;Ashbé, Jeanne;50;1737;363;97
752.0;Livre pour adulte;358;Nuit;Minier, Bernard;47;906;461;49
760.0;DVD jeunesse;358;Les enfants loups, Ame & Yuki;;40;2547;483;49
338.0;Bande dessinée jeunesse;495;My hero academia. 1. Izuku Midoriya : les origines;Horikoshi, Kohei;46;1389;638;73
318.0;Bande dessinée jeunesse;503;Les blagues de Toto. 12. Bête de concours;Coppée, Thierry;48;2251;790;58
337.0;Bande dessinée jeunesse;496;Les Schtroumpfs et l'amour sorcier;Jost, Alain;45;3281;700;55
329.0;Livre pour adulte;498;Ma mère avait raison : roman;Jardin, Alexandre;40;519;16;40
317.0;Bande dessinée jeunesse;506;Les terres basses;Vehlmann, Fabien;53;4512;797;76
333.0;Livre pour adulte;496;Et moi, je vis toujours;Ormesson, Jean d';49;512;0;55
328.0;Livre pour adulte;498;Tout homme est une nuit;Salvayre, Lydie;51;657;154;55
310.0;Bande dessinée jeunesse;511;On a marché sur la lune;Hergé;54;6434;679;90
319.0;Livre pour adulte;503;La tresse;Colombani, Laetitia;50;1090;559;57
300.0;Livre pour adulte;517;L'enfant perdue;Ferrante, Elena;51;538;0;86
419.0;Livre jeunesse;456;Petit-Bleu et Petit-Jaune : une histoire pour Pippo, Ann et tous les enfants;Lionni, Leo;53;3397;508;130
408.0;Livre jeunesse;461;Ca fait suer ! : guide de survie en milieu hostile;Kinney, Jeff;50;3501;572;68
399.0;Livre pour adulte;464;Chanson de la ville silencieuse : roman;Adam, Olivier;52;472;0;54
411.0;Bande dessinée jeunesse;460;Vivement les vacances !;Godi, Bernard;34;3589;522;45
410.0;Bande dessinée jeunesse;460;Tueurs à gags;Coppée, Thierry;40;4000;617;56
407.0;Bande dessinée pour adulte;461;La magicienne;Lupano, Wilfrid;50;476;3;50
405.0;Bande dessinée jeunesse;461;L'étoile mystérieuse;Hergé;51;6207;674;86
422.0;Livre pour adulte;454;Bakhita;Olmi, Véronique;53;789;307;59
404.0;Bande dessinée jeunesse;461;Système D;Zidrou;43;1477;655;49
429.0;Livre pour adulte;450;Origine;Brown, Dan;47;589;119;51
243.0;Bande dessinée jeunesse;567;La rose écarlate. 12. Tu m'as ouvert les yeux;Lyfoung, Patricia;51;1632;885;67
218.0;Bande dessinée jeunesse;593;Mon coup d'soleil, c'est toi !;Cazenove, Christophe;40;2989;762;57
222.0;Bande dessinée jeunesse;589;Les petits rats de l'Opéra;Guibert, Emmanuel;48;2514;734;70
203.0;Bande dessinée jeunesse;610;Elle a tellement changé;Lyfoung, Patricia;52;641;22;67
220.0;Livre pour adulte;590;La disparition de Josef Mengele;Guez, Olivier;50;946;385;56
208.0;Livre jeunesse;601;Lili est désordre;Saint-Mars, Dominique de;40;5257;715;66
217.0;Bande dessinée jeunesse;594;Sale temps pour les moches;Delaf;47;4653;817;77
200.0;Bande dessinée jeunesse;612;Le coq sportif;Guibert, Emmanuel;51;1387;671;69
235.0;Bande dessinée jeunesse;575;Ça va dégominer !;Didier, Anne;45;3388;766;55
209.0;Bande dessinée jeunesse;601;Tout ça finira mal;Tan;45;3111;742;67
122.0;Bande dessinée jeunesse;705;Les Légendaires. 19. World without : Artémus le Légendaire;Sobral, Patrick;51;1696;838;77
115.0;Livre jeunesse;719;La maison de Max et Lili a été cambriolée;Saint-Mars, Dominique de;38;5699;923;78
100.0;Livre jeunesse;733;Emilie n'aime pas quand sa mère boit trop;Saint-Mars, Dominique de;43;6763;907;84
99.0;Livre jeunesse;736;Lili a la passion du cheval;Saint-Mars, Dominique de;43;6857;881;85
102.0;Livre jeunesse;733;Max est fou de jeux vidéo;Saint-Mars, Dominique de;45;5998;946;86
106.0;Livre jeunesse;730;Max ne veut pas se laver;Saint-Mars, Dominique de;39;5675;956;82
97.0;Bande dessinée jeunesse;739;La fête à la grenouille;Guibert, Emmanuel;53;2663;1004;76
488.0;Livre pour adulte;428;Jusqu'à l'impensable;Connelly, Michael;50;977;469;51
501.0;Livre pour adulte;424;Temps glaciaires;Vargas, Fred;48;2544;581;58
477.0;Bande dessinée jeunesse;432;Alien Chantilly;Midam;41;4847;639;56
486.0;Livre jeunesse;429;Saute;Matsuoka, Tatsuhide;49;1987;537;86
549.0;Livre pour adulte;407;Le miracle Spinoza : une philosophie pour éclairer notre vie;Lenoir, Frédéric;42;419;0;43
560.0;Bande dessinée jeunesse;404;Rentrée musclée;Abouet, Marguerite;47;2347;527;59
543.0;Bande dessinée jeunesse;408;Cancre intergalactique;Bertschy;46;988;506;49
546.0;Bande dessinée jeunesse;408;Big bisous baveux;Mr Tan;46;436;12;65
555.0;Bande dessinée jeunesse;405;Boing ! Boing ! Bunk !;Midam;45;4389;587;66
569.0;Livre jeunesse;401;Papa conduit;Le Saux, Alain;38;1977;468;89
577.0;Bande dessinée jeunesse;399;No problemo;;44;2856;568;48
675.0;Livre jeunesse;374;Harry Potter et la chambre des secrets;Rowling, Joanne Kathleen;46;1787;413;67
667.0;Bande dessinée jeunesse;376;Marion Duval. 22. La reine éternelle;Bouchié, Pascale;50;3745;571;55
698.0;Bande dessinée jeunesse;369;Un peu... beaucoup... passionnément !;Tessier, Grégory;36;937;509;40
700.0;Bande dessinée jeunesse;369;Chi, une vie de chat. 11;Konami, Kanata;48;2209;569;56
682.0;Livre jeunesse;372;Mais... c'est pas juste !;Blake, Stéphanie;45;617;199;55
663.0;Livre pour adulte;376;Tension extrême : roman;Forge, Sylvain;42;374;3;44
696.0;Bande dessinée jeunesse;370;Si seulement...;Dequier, Bruno;38;1676;450;51
718.0;Bande dessinée jeunesse;365;Fairy Tail. 4;Mashima, Hiro;43;3343;504;52
702.0;Livre pour adulte;368;Fendre l'armure;Gavalda, Anna;51;917;502;55
692.0;DVD jeunesse;370;Tout en haut du monde;;43;1209;475;49
733.0;Enregistrement musical pour la jeunesse;363;Mon imagier des comptines de la maternelle;Davois, Bernard;43;2447;438;72
726.0;Bande dessinée jeunesse;364;Au château de Crotte de Maille;Fraipont, Céline;45;2742;527;51
729.0;Bande dessinée jeunesse;363;La cousine Manga;Guibert, Emmanuel;39;2659;457;46
737.0;Bande dessinée jeunesse;362;En quête d'amour;Tessier, Grégory;35;2032;423;42
739.0;Bande dessinée jeunesse;361;Madame Minuscule;Fraipont, Céline;40;606;208;45
748.0;Bande dessinée jeunesse;359;Le lézard de l'ombre;Derib;43;3574;474;51
750.0;Bande dessinée jeunesse;359;Mini cataclysme;Bertschy;46;3184;554;48
743.0;Livre jeunesse;360;Papa est content;Le Saux, Alain;38;1886;421;82
747.0;Livre jeunesse;359;Le pot de Tom;Lindgren, Barbro;49;3340;479;120
746.0;DVD jeunesse;359;Le chant de la mer;;46;1804;495;51
662.0;Bande dessinée jeunesse;376;Cédric. 30. Silence, je tourne !;Cauvin, Raoul;48;1374;552;52
619.0;Livre pour adulte;388;Souvenirs de la marée basse;Thomas, Chantal;45;802;394;47
659.0;Bande dessinée jeunesse;379;Chi, une vie de chat. 4;Konami, K.;47;3472;541;54
600.0;Bande dessinée jeunesse;394;Chi, une vie de chat. 2;Konami, K.;49;3543;593;56
588.0;Bande dessinée jeunesse;397;Mixture magique;Abouet, Marguerite;46;2012;445;58
586.0;Bande dessinée jeunesse;397;Le livre d'Hector;Chamblain, Joris;50;2047;481;56
658.0;Livre pour adulte;380;Vernon Subutex. 1;Despentes, Virginie;41;2148;531;51
660.0;Bande dessinée jeunesse;378;Fairy Tail. 55;Mashima, Hiro;46;917;478;52
596.0;Bande dessinée jeunesse;395;Classe touriste;Pica;25;3392;471;40
655.0;Bande dessinée jeunesse;380;Carnage total;Midam;39;4081;568;53
785.0;Bande dessinée jeunesse;351;Attention tornade;Cazenove, Christophe;46;363;0;58
793.0;Livre pour adulte;350;Le mystère Henri Pick;Foenkinos, David;51;1580;419;55
786.0;Livre pour adulte;351;Classé sans suite : roman;Magris, Claudio;38;362;5;38
776.0;Bande dessinée jeunesse;355;Définitivement nuisible;Bertschy;43;2494;513;48
787.0;Livre pour adulte;351;Une vie sans fin;Beigbeder, Frédéric;44;360;0;48
756.0;Livre jeunesse;358;La chèvre biscornue;Kiffer, Christine;49;2994;400;83
798.0;DVD jeunesse;349;Le voyage de Chihiro;Miyazaki, Hayao;33;2543;432;48
795.0;Bande dessinée jeunesse;350;Chat geek;Davis, Jim;46;2350;526;52
754.0;Livre pour adulte;358;La salle de bal;Hope, Anna;51;671;270;51
784.0;Livre jeunesse;352;Ma voiture;Barton, Byron;46;2122;377;89
823.0;Bande dessinée jeunesse;344;Mission relooking;Tessier, Greg;35;1638;478;43
805.0;Bande dessinée jeunesse;348;Amour glacé;Fraipont, Céline;45;2945;455;50
812.0;Bande dessinée jeunesse;347;Naruto. 17;Kishimoto, Masashi;43;3322;447;56
801.0;Bande dessinée jeunesse;349;Naruto. 29;Kishimoto, Masashi;43;3456;500;56
813.0;DVD jeunesse;346;Le voyage d'Arlo;;34;1245;450;41
70.0;Bande dessinée jeunesse;779;A l'attaque !;Cohen, Jacqueline;43;7293;1094;95
64.0;Bande dessinée jeunesse;786;Mortebouse;Neel, Julien;50;6750;1097;99
536.0;Bande dessinée pour adulte;410;Gérard : cinq années dans les pattes de Depardieu;Sapin, Mathieu;45;944;436;48
528.0;Bande dessinée jeunesse;413;Premier de la classe (en commençant par la fin);Godi, Bernard;35;3146;509;46
519.0;Bande dessinée pour adulte;420;Une jeunesse au Moyen-Orient, 1978-1984;Sattouf, Riad;52;3225;741;65
524.0;Bande dessinée jeunesse;415;La déesse sans visage;Chamblain, Joris;50;1450;570;58
520.0;Bande dessinée jeunesse;418;La grande Schtroumpfette;Jost, Alain;37;3847;556;50
538.0;Bande dessinée jeunesse;410;Naruto. 2;Kishimoto, Masashi;47;4206;572;68
516.0;Bande dessinée jeunesse;421;C'est parti !;Didier, Anne;33;2332;607;46
529.0;DVD jeunesse;413;L'âge de glace 4;;37;3190;545;53
592.0;Bande dessinée pour adulte;396;Culottées : des femmes qui ne font que ce qu'elles veulent. 2;Bagieu, Pénélope;53;1069;570;54
595.0;Livre pour adulte;395;Sexe et mensonges : la vie sexuelle au Maroc;Slimani, Leïla;42;672;271;44
614.0;Bande dessinée jeunesse;391;L'hôpital des docteurs Toc-Toc;Fraipont, Céline;41;2745;491;51
603.0;Livre jeunesse;392;Le gâteau perché tout là-haut;Strasser, Susanne;51;1699;530;78
599.0;Bande dessinée pour adulte;394;L'homme au sang bleu;Moynot, Emmanuel;42;427;27;42
615.0;Livre pour adulte;389;Sur les chemins noirs;Tesson, Sylvain;49;1469;856;53
612.0;Bande dessinée jeunesse;391;Fairy Tail. 56;Mashima, Hiro;45;822;371;49
606.0;Bande dessinée jeunesse;392;La zizanie;Goscinny, René;35;3065;463;54
583.0;Livre jeunesse;397;La chasse à l'ours;Rosen, Michael;51;3189;542;125
587.0;Livre jeunesse;397;Un coeur à prendre;Kinney, Jeff;48;1827;434;56
649.0;Bande dessinée jeunesse;381;Sardine de l'espace. 10. La reine de l'Afripe;Guibert, Emmanuel;46;3891;561;59
634.0;Livre jeunesse;386;Lili ne veut plus aller à la piscine;Saint-Mars, Dominique de;26;2330;456;36
637.0;Bande dessinée jeunesse;384;My hero academia. 9. My hero;Horikoshi, Kohei;45;492;92;47
627.0;Livre jeunesse;387;Scritch scratch dip clapote !;Crowther, Kitty;51;3930;464;115
657.0;Bande dessinée jeunesse;380;Merci, les monstres !;Didier, Anne;38;2304;519;41
622.0;Livre jeunesse;388;A la sieste tout le monde;Kasano, Yuichi;51;2873;428;85
653.0;Bande dessinée jeunesse;380;Superfrèreman;Dutto, Olivier;34;886;443;45
661.0;Bande dessinée jeunesse;378;Fairy Tail. 59;Mashima, Hiro;46;407;24;50
648.0;Livre jeunesse;381;Papa se rase;Le Saux, Alain;39;2229;438;92
640.0;Livre jeunesse;383;Ma maison;Barton, Byron;48;945;452;72
564.0;Bande dessinée jeunesse;403;Le dernier des cinq trésors;Chamblain, Joris;49;1970;524;56
559.0;Livre sonore jeunesse;404;Coco et le poisson Ploc;Du Bouchet, Paule;37;2283;501;74
566.0;Livre pour adulte;402;Psychothérapie de Dieu;Cyrulnik, Boris;43;569;141;46
562.0;DVD jeunesse;403;Kiki la petite sorcière;Miyazaki, Hayao;29;3746;525;49
545.0;Bande dessinée jeunesse;408;Naruto. 4;Kishimoto, Masashi;45;3867;545;59
572.0;Bande dessinée jeunesse;400;Fairy Tail. 1;Mashima, Hiro;43;3542;538;53
576.0;Bande dessinée jeunesse;399;Naruto. 6;Kishimito, Masashi;42;4045;563;61
541.0;Livre jeunesse;409;Rodrick fait sa loi;Kinney, Jeff;49;3310;550;69
556.0;Bande dessinée jeunesse;405;Waterminator;Midam;40;4225;541;54
563.0;Livre jeunesse;403;Paris;Ledu, Stéphanie;40;3522;396;56
822.0;Bande dessinée jeunesse;345;Game over. 9. Bomba fatale;Midam;31;1827;473;36
808.0;Bande dessinée jeunesse;347;Tout le monde te regarde !;Tome;47;1395;504;53
824.0;Livre jeunesse;344;Max a triché;Saint-Mars, Dominique de;24;3238;440;38
817.0;Bande dessinée jeunesse;345;Naruto. 66;Kishimoto, Masashi;50;1863;556;62
821.0;Bande dessinée jeunesse;345;Le remonte-kiki;Sfar, Joann;38;2873;428;46
816.0;Bande dessinée jeunesse;346;Record battu !;Didier, Anne;26;1747;456;34
819.0;Bande dessinée pour adulte;345;Celui qui part;Lupano;51;1539;437;52
802.0;Bande dessinée jeunesse;349;Frère adoré chéri de mon coeur !;Dutto, Olivier;33;2191;494;43
777.0;Bande dessinée jeunesse;354;Boule & Bill. 36. Flair de cocker;Verron, Laurent;46;1621;580;55
794.0;Bande dessinée jeunesse;350;Un prince à croquer. 2. Plat;Lyfoung, Patricia;45;2744;617;55
778.0;Bande dessinée pour adulte;354;Le premier homme;Ferrandez, Jacques;42;466;90;42
764.0;Bande dessinée jeunesse;357;Inazuma eleven. 1;Yabuno, Tenya;43;3350;560;61
767.0;Bande dessinée jeunesse;356;Temps de chien !;Cauvin, Raoul;45;620;222;51
799.0;Livre jeunesse;349;Max et les Maximonstres;Sendak, Maurice;45;5587;467;110
774.0;Livre jeunesse;355;La moufle;Desnouveaux, Florence;44;2932;353;74
782.0;Bande dessinée jeunesse;353;0+0 = Duco !;Zidrou;39;2005;477;43
765.0;DVD jeunesse;357;Le monde de Narnia - L'Odyssée du passeur d'aurore;;38;2618;490;49
716.0;DVD jeunesse;365;Les aventures de Bernard et Bianca;Reitherman, Wolfgang;39;1894;456;52
707.0;Livre pour adulte;367;La vengeance du pardon;Schmitt, Éric-Emmanuel;43;667;286;46
688.0;Livre jeunesse;371;La chenille qui fait des trous;Carle, Eric;46;2468;474;91
666.0;Bande dessinée jeunesse;376;Le zoo pétrifié;Chamblain, Joris;49;2227;499;61
690.0;Bande dessinée jeunesse;370;A nous deux !;Fraipont, Céline;44;1739;484;48
712.0;Livre pour adulte;365;Vernon Subutex. 2;Despentes, Virginie;43;1712;431;47
703.0;Bande dessinée jeunesse;368;Fairy Tail. 2;Mashima, Hiro;42;2885;501;54
671.0;Livre jeunesse;375;Plouf !;Corentin, Philippe;51;3327;536;108
699.0;DVD jeunesse;369;Blanche Neige et les sept nains;;40;1702;463;56
704.0;DVD jeunesse;368;Raiponce;;40;3306;495;53
751.0;Bande dessinée jeunesse;358;Les profs. 17. Sortie scolaire;Erroc;32;1162;323;40
763.0;Bande dessinée jeunesse;357;Un amour de potache;Godi, Bernard;35;3450;524;44
736.0;Livre pour adulte;362;La reine du bal;Clark, Mary Higgins;41;364;0;41
728.0;Livre pour adulte;363;Dernières nouvelles;Harrison, Jim;45;462;85;45
719.0;Livre jeunesse;365;Cubes surprises;Yonezu, Yusuke;50;2493;438;83
749.0;Livre jeunesse;359;Papa gonfle;Le Saux, Alain;37;2003;438;71
738.0;Bande dessinée jeunesse;362;Relax !;Corbeyran;48;2368;523;53
732.0;Livre jeunesse;363;Papa aime;Le Saux, Alain;36;2022;419;65
745.0;DVD jeunesse;360;Le conte de la princesse Kaguya;;37;1626;375;46
744.0;DVD jeunesse;360;Matilda;;44;3202;460;52
465.0;Livre pour adulte;436;L'année du Lion : les mémoires de Nicolas Storm sur l'enquête de l'assassinat de son père : roman;Meyer, Deon;49;466;21;49
464.0;Bande dessinée jeunesse;437;Le retour de la momie qui pue qui tue;Midam;41;3361;580;53
474.0;Bande dessinée jeunesse;434;Game over. 7. Only for your eyes;Adam;40;2453;579;48
480.0;Bande dessinée jeunesse;431;Les cigares du pharaon;Hergé;47;5744;648;80
502.0;Bande dessinée jeunesse;424;Naruto. 72;Kishimoto, Masashi;49;1041;559;61
467.0;Livre jeunesse;436;Joyeux anniversaire !;Nakagawa, Chihiro;49;2443;467;90
489.0;Bande dessinée jeunesse;428;Les p'tits schtroumpfs;Peyo;34;4492;586;54
500.0;Livre pour adulte;425;Soumission;Houellebecq, Michel;45;2943;628;62
463.0;Bande dessinée jeunesse;438;Walking blork;Midam;37;2689;543;46
483.0;Bande dessinée jeunesse;429;Hors sujet;Erroc;35;1005;487;42
753.0;Bande dessinée jeunesse;358;One Piece : édition originale. 83. Charlotte Linlin;Oda, Eiichirō;40;487;113;49
770.0;Livre jeunesse;356;La famille Souris prépare le nouvel an;Iwamura, Kazuo;49;4845;506;69
759.0;Bande dessinée jeunesse;358;Un bazar monstre. 3;Didier, Anne;35;2496;512;39
730.0;Bande dessinée jeunesse;363;Naruto. 13;Kishimoto, Masashi;46;3680;458;55
772.0;Bande dessinée jeunesse;355;Fairy Tail. 51;Mashima, Hiro;44;1322;574;50
740.0;DVD jeunesse;361;Kirikou et la sorcière;Ocelot, Michel;44;2434;411;58
779.0;Bande dessinée jeunesse;354;Le mangeur d'étoiles;Derib;43;2828;412;53
766.0;Bande dessinée pour adulte;357;Bonny and Pierrot;Lupano;51;2137;430;51
551.0;Bande dessinée pour adulte;406;Culottées : des femmes qui ne font que ce qu'elles veulent. 1;Bagieu, Pénélope;51;1283;671;53
506.0;Bande dessinée jeunesse;423;La rose écarlate. 11. Peux-tu comprendre cela ?;Lyfoung, Patricia;46;1714;559;58
523.0;Bande dessinée jeunesse;416;Le spectre de la Bastille. 2;Lyfoung, Patricia;47;2984;675;56
550.0;Bande dessinée jeunesse;407;L'étrange réveil du Schtroumpf paresseux;Peyo;29;3102;467;38
531.0;Bande dessinée jeunesse;412;Vole-mouton;Abouet, Marguerite;47;3226;557;62
548.0;Bande dessinée jeunesse;407;Fairy Tail. 58;Mashima, Hiro;46;514;94;50
527.0;DVD jeunesse;414;Ponyo sur la falaise;Miyazaki, Hayao;34;3888;585;54
512.0;Bande dessinée jeunesse;422;Oh, le salaud !;Zidrou;46;3888;576;63
540.0;Livre pour adulte;409;Tenebra Roma;Carrisi, Donato;44;436;22;44
521.0;Jeux Vidéos tous publics;417;Tablette Ipad : Parascolaire;;3;707;266;7
623.0;Bande dessinée jeunesse;388;Akissi. 2. Super-héros en plâtre;Abouet, Marguerite;49;3630;534;64
641.0;Bande dessinée jeunesse;383;Le loto des nombrils;Guibert, Emmanuel;43;3935;508;57
625.0;Bande dessinée jeunesse;387;Le fortiche de la triche;Godi, Bernard;36;3208;490;46
635.0;Bande dessinée jeunesse;385;Le bouclier arverne;Goscinny, René;37;3723;519;53
647.0;Livre pour adulte;381;La dernière des Stanfield;Lévy, Marc;48;804;376;55
629.0;Bande dessinée jeunesse;386;Naruto. 70;Kishimoto, Masashi;47;1423;582;57
645.0;Bande dessinée jeunesse;382;Superstars;Cohen, Jacqueline;25;4604;521;44
656.0;Bande dessinée jeunesse;380;Salade de schtroumpfs;Peyo;32;2746;446;39
673.0;Bande dessinée jeunesse;374;Rentrée des artistes;Pica;28;3279;503;40
638.0;Bande dessinée jeunesse;384;J'ai gagné !;Laudec;43;4685;492;57
788.0;Bande dessinée jeunesse;351;Le petit Spirou. 15. Tiens-toi droit !;Tome;48;4409;480;59
781.0;Livre pour adulte;353;Le dompteur de lions;Läckberg, Camilla;50;1544;571;57
806.0;Bande dessinée jeunesse;348;Gargamel et les Schtroumpfs;Peyo;34;2919;510;39
792.0;Bande dessinée jeunesse;350;Fairy Tail. 48;Mashima, Hiro;47;1480;557;51
804.0;Bande dessinée jeunesse;348;Le bal d'hiver;Algésiras;46;3523;460;48
796.0;Livre jeunesse;349;Le tracteur;Valat, Pierre-Marie;42;1650;422;54
790.0;Livre jeunesse;351;Pas de bol !;Kinney, Jeff;46;1148;325;57
800.0;DVD jeunesse;349;L'âge de glace;;44;3822;434;57
693.0;Livre pour adulte;370;Tous ces chemins que nous n'avons pas pris;Boyd, William;33;392;18;33
677.0;Bande dessinée jeunesse;374;La reine du collège;Tessier, Grégory;36;2366;468;45
691.0;Bande dessinée jeunesse;370;L'espoir fait vivre;Dequier, Bruno;40;1241;470;48
710.0;Bande dessinée jeunesse;366;Ça sent les vacances !;Zidrou;31;2346;423;38
680.0;Bande dessinée jeunesse;372;Fairy Tail. 53;Mashima, Hiro;46;1154;675;51
683.0;Livre jeunesse;372;Le géant de Zéralda;Ungerer, Tomi;48;3865;444;98
720.0;Bande dessinée jeunesse;364;In-cu-ra-ble !;Zidrou;34;1469;460;40
694.0;Bande dessinée jeunesse;370;L'aéroschtroumpf;Peyo;26;3096;489;38
695.0;Bande dessinée jeunesse;370;Confisqués !;Zidrou;33;2731;498;40
676.0;DVD jeunesse;374;La Colline aux coquelicots;;36;3172;452;49
449.0;Bande dessinée jeunesse;444;Tom-Tom le roi de la tambouille;Cohen, Jacqueline;30;3354;616;55
425.0;Bande dessinée jeunesse;454;Entre les deux, mon coeur balance...;Darasse;48;2452;676;59
457.0;Bande dessinée jeunesse;441;Toujours plus fort !;Cohen, Jacqueline;29;5389;546;55
426.0;Bande dessinée jeunesse;452;Les goûts et les couleurs;Nob;41;801;301;44
428.0;Bande dessinée jeunesse;451;Titeuf. 13. A la folie !;Zep;40;3121;549;69
456.0;Livre pour adulte;441;Les rêveurs : roman;Carré, Isabelle;46;454;0;49
455.0;Bande dessinée jeunesse;442;Faux départ !;Cauvin, Raoul;49;3005;627;58
462.0;Bande dessinée jeunesse;438;Full métal casquette;Midam;40;4114;649;57
435.0;Bande dessinée jeunesse;449;Yes, I can !;Patelin;39;2263;546;48
442.0;Livre jeunesse;447;Zéro réseau;Kinney, Jeff;49;974;445;57
818.0;Livre jeunesse;345;Et le soir quand la nuit tombe...;Crausaz, Anne;53;1667;451;66
820.0;Bande dessinée jeunesse;345;Le cimetière des autobus;Neel, Julien;33;3325;540;48
809.0;Livre pour adulte;347;Pactum salis;Bourdeaut, Olivier;47;356;0;51
814.0;Livre pour adulte;346;Intimidation;Coben, Harlan;40;1204;667;43
609.0;Bande dessinée jeunesse;392;Môssieur Susupe et môssieur Krokro;Guibert, Emmanuel;46;3136;569;57
597.0;DVD jeunesse;395;Harry Potter et le Prince de sang-mêlé;Yates, David;39;3367;549;57
601.0;Bande dessinée jeunesse;394;Chi, une vie de chat. 5;Konami, K.;50;3568;558;57
602.0;Bande dessinée jeunesse;394;Yakari et la tueuse des mers;Job;47;2578;524;52
633.0;Bande dessinée jeunesse;386;Naruto. 5;Kishimoto, Masashi;45;4123;541;59
598.0;Livre pour adulte;394;Dans l'ombre;Arnaldur Indriđason;49;1059;566;53
624.0;Livre jeunesse;388;La toute petite dame;Barton, Byron;46;2743;488;111
608.0;Bande dessinée jeunesse;392;Rythme scolaire;Pica;28;3611;450;41
628.0;Livre jeunesse;387;Un peu perdu;Haughton, Chris;48;2979;450;92
610.0;DVD jeunesse;391;Shaun le mouton;;45;1946;584;58
589.0;Bande dessinée jeunesse;396;La Rose écarlate : missions. 3. La dame en rouge;Lyfoung, Patricia;41;1410;463;51
590.0;Bande dessinée jeunesse;396;Un prince à croquer. 4. Dessert;Lyfoung, Patricia;45;1225;624;53
591.0;Bande dessinée jeunesse;396;Bill est un gros rapporteur !;Cazenove, Christophe;45;948;470;51
580.0;Livre jeunesse;398;La famille Souris et la mare aux libellules;Iwamura, Kazuo;44;5506;457;64
593.0;Bande dessinée jeunesse;396;Un amour de cocker;Verron, Laurent;50;3618;588;64
585.0;Livre jeunesse;397;Le livre de la nuit;Berner, Rotraut Susanne;49;3065;448;94
574.0;Bande dessinée jeunesse;399;Frémissements;Horikoshi, Kohei;46;839;374;49
594.0;Bande dessinée jeunesse;395;La terre promise;Jul;48;1058;555;62
584.0;Bande dessinée jeunesse;397;Gouzi gouzi gouzi;Midam;38;2824;570;46
582.0;DVD jeunesse;397;Paddington;;44;1947;537;51
567.0;Bande dessinée jeunesse;402;Un prince à croquer. 1. Entrée;Lyfoung, Patricia;45;2606;563;58
542.0;Bande dessinée jeunesse;409;Boule et Bill. 33. A l'abordage !!;Verron, Laurent;46;4227;608;57
518.0;DVD jeunesse;420;[Images animées] : Les trois brigands;Freitag, Hayo;43;3579;503;61
525.0;Bande dessinée jeunesse;414;Le Roi des cancres;Godi, Bernard;36;2830;537;45
570.0;Bande dessinée jeunesse;400;Fairy tail. 54;Mashima, Hiro;47;973;495;52
573.0;Bande dessinée jeunesse;400;Ma première fois !;Darasse;47;3117;586;59
517.0;Bande dessinée jeunesse;420;Enfin seuls !;Cauvin, Raoul;43;4702;527;59
568.0;Livre jeunesse;401;Noir sur blanc;Hoban, Tana;52;3877;560;156
526.0;DVD jeunesse;414;Ratatouille;Bird, Brad;40;4044;582;61
561.0;DVD jeunesse;403;Tous en scène;;36;687;244;44
664.0;Bande dessinée jeunesse;376;Astérix et la rentrée gauloise : Goscinny et Uderzo;Goscinny, René;34;3495;489;45
650.0;Livre jeunesse;381;Harry Potter à l'école des sorciers;Rowling, Joanne Kathleen;43;2128;478;71
665.0;Bande dessinée jeunesse;376;Akissi. 1. Attaque de chats;Abouet, Marguerite;46;3374;501;63
636.0;Livre jeunesse;385;Max a la passion du foot;Saint-Mars, Dominique de;28;1645;483;55
672.0;Bande dessinée jeunesse;374;Nelson. 16. Déplorable surprise;Bertschy;43;1469;583;45
644.0;Bande dessinée jeunesse;382;Chat va bien !;Mr Tan;35;559;149;39
674.0;Livre jeunesse;374;Bloub bloub bloub;Kasano, Yuichi;41;3214;467;89
706.0;Livre pour adulte;367;Le tour du monde du roi Zibeline;Rufin, Jean-Christophe;51;928;477;54
687.0;Livre pour adulte;371;Une femme entre deux mondes;Carrère d'Encausse, Marina;37;465;89;37
711.0;Bande dessinée jeunesse;366;Les secrets de l'univers;Guibert, Emmanuel;44;3767;492;55
678.0;Bande dessinée jeunesse;373;Le cimetière des autobus;Neel, Julien;34;3896;565;51
697.0;Bande dessinée jeunesse;369;Naruto. 27;Kishimoto, Masashi;43;3175;437;58
709.0;Bande dessinée jeunesse;366;Fairy Tail. 52;Mashima, Hiro;46;1097;628;52
705.0;Bande dessinée jeunesse;368;Le bal d'été;Algésiras;48;2873;476;52
714.0;Livre pour adulte;365;Me voici;Foer, Jonathan Safran;46;505;117;47
685.0;Livre jeunesse;372;La voiture;Valat, Pierre-Marie;38;2076;419;58
773.0;Bande dessinée jeunesse;355;One Piece : édition originale. 82. Un monde en pleine agitation;Oda, Eiichirō;46;643;254;52
725.0;Bande dessinée jeunesse;364;Emile et Margot. 2. Monstrueuses bêtises !;Didier, Anne;36;2540;451;38
768.0;Bande dessinée pour adulte;356;Dans la combi de Thomas Pesquet;Montaigne, Marion;47;370;1;49
723.0;Bande dessinée jeunesse;364;Astérix chez les Bretons;Goscinny, René;31;2486;395;44
741.0;Bande dessinée jeunesse;360;Les Schtroumpfs en vacances;Peyo;33;917;461;37
789.0;Bande dessinée jeunesse;351;Personne en vue !;Didier, Anne;27;1721;398;32
780.0;Bande dessinée jeunesse;354;Naruto. 62;Kishimoto, Masashi;46;2193;530;53
724.0;Bande dessinée jeunesse;364;Fairy Tail. 3;Mashima, Hiro;43;3150;463;51
783.0;Livre jeunesse;353;Tu nous emmènes ?;Kasano, Yuichi;52;1633;445;73
761.0;Bande dessinée jeunesse;357;A la folie;Corbeyran;47;1677;512;50
791.0;Bande dessinée jeunesse;350;Schtroumpf le héros;Jost, Alain;34;1461;421;37
811.0;Livre pour adulte;347;La punition : récit;Ben Jelloun, Tahar;43;359;0;44
825.0;Bande dessinée jeunesse;344;Elle est moche !;Cauvin, Raoul;41;3291;457;52
815.0;Livre pour adulte;346;Selfies;Adler-Olsen, Jussi;46;782;353;48
135.0;Livre jeunesse;688;Max est dans la lune;Saint-Mars, Dominique de;37;5335;758;76
98.0;Bande dessinée jeunesse;737;Griffes et plumes;Sobral, Patrick;52;5041;924;90
116.0;Livre jeunesse;718;Lili est malpolie;Saint-Mars, Dominique de;40;4727;805;77
492.0;Bande dessinée jeunesse;427;My hero academia. 2. Déchaîne-toi, maudit nerd !;Horikoshi, Kohei;45;1142;555;54
479.0;Bande dessinée pour adulte;431;Les cahiers d'Esther : histoire de mes 10 ans;Sattouf, Riad;55;1969;688;61
473.0;Bande dessinée jeunesse;434;Les Schtroumpfs et l'arbre d'or;Culliford, Thierry;35;4598;629;50
494.0;Bande dessinée jeunesse;426;Faux départ;Abouet, Marguerite;48;1010;501;62
468.0;Bande dessinée jeunesse;436;Quelle famille d'enfer !;Darasse;47;3736;696;61
485.0;Livre jeunesse;429;Carrément claustro;Kinney, Jeff;49;2899;538;62
484.0;Bande dessinée jeunesse;429;Tintin au Congo;Hergé;50;5923;631;83
487.0;Bande dessinée jeunesse;428;Premier service;Nob;40;1349;606;45
490.0;Livre jeunesse;428;La tototte;Lindgren, Barbro;48;3685;523;103
495.0;Livre jeunesse;425;Mon papa;Browne, Anthony;50;3134;525;128
356.0;Bande dessinée pour adulte;487;Une jeunesse au Moyen-Orient : 1985-1987;Sattouf, Riad;53;1773;1007;67
352.0;Bande dessinée jeunesse;489;Astérix chez les Helvètes;Goscinny, René;36;4243;591;61
387.0;Bande dessinée jeunesse;470;Le schtroumpf reporter;Parthoens, Luc;35;5680;658;57
345.0;Livre pour adulte;492;Une fois dans ma vie;Legardinier, Gilles;46;636;131;49
346.0;Bande dessinée jeunesse;492;Astérix légionnaire;Goscinny, René;40;3687;625;64
371.0;Bande dessinée jeunesse;476;L'as des pitres;Coppée, Thierry;37;3813;583;52
359.0;Bande dessinée jeunesse;486;A la folie !;Darasse;50;4475;711;67
374.0;Bande dessinée jeunesse;475;L'île noire;Hergé;46;6043;623;80
390.0;Livre pour adulte;469;Petit pays;Faye, Gael;47;1730;889;62
375.0;DVD jeunesse;475;Ma vie de courgette;;51;995;455;57
461.0;Livre pour adulte;438;Le prince de Cochinchine : roman;Parot, Jean-François;40;477;38;42
437.0;Bande dessinée jeunesse;448;Astérix en Hispanie;Goscinny, René;38;3681;513;58
432.0;Bande dessinée jeunesse;450;Les cairns rouges;Vehlmann, Fabien;50;4670;724;69
452.0;Livre jeunesse;443;Max a une amoureuse;Saint-Mars, Dominique de;26;3714;629;54
436.0;Livre pour adulte;448;Au gré des jours;Héritier, Françoise;43;540;80;44
431.0;Bande dessinée jeunesse;450;Schtroumpf vert et vert schtroumpf;Peyo;36;4716;592;58
460.0;Bande dessinée jeunesse;438;Coke en stock;Hergé;51;5594;661;78
438.0;Bande dessinée jeunesse;448;Rodéo Blork;Midam;38;4171;593;56
440.0;DVD jeunesse;447;Les minions;;38;1754;585;52
441.0;DVD jeunesse;447;Rebelle;;42;3101;562;59
165.0;Livre jeunesse;647;Marlène grignote tout le temps;Saint-Mars, Dominique de;37;4518;813;73
149.0;Livre jeunesse;675;Lili ne veut pas se coucher;Saint-Mars, Dominique de;43;6528;802;86
148.0;Livre jeunesse;675;Max et Lili se sont perdus;Saint-Mars, Dominique de;40;7361;979;84
178.0;Bande dessinée jeunesse;633;Mortelle Adèle. 3. C'est pas ma faute !;Tan;45;3394;823;69
182.0;Bande dessinée jeunesse;628;Astérix et Latraviata;Uderzo, Albert;45;6390;738;73
158.0;Livre jeunesse;653;Max n'aime pas perdre;Saint-Mars, Dominique de;40;4996;751;72
161.0;Livre jeunesse;651;Alex est handicapé;Saint-Mars, Dominique de;43;6489;902;86
180.0;Bande dessinée jeunesse;629;A la pêche aux nouilles !;Mr Tan;44;886;216;66
183.0;Bande dessinée jeunesse;628;Le devin;Goscinny, René;51;8141;756;89
143.0;Bande dessinée jeunesse;679;Nadia se marie;Zep;50;5571;911;92
245.0;Bande dessinée jeunesse;566;Mortelle Adèle. 4. J'aime pas l'amour;Tan;43;2781;717;61
247.0;Bande dessinée jeunesse;563;J'irai où tu iras;Lyfoung, Patricia;49;5854;872;80
251.0;Bande dessinée jeunesse;558;Kid Paddle. 14. Serial player;Midam;53;3139;879;66
253.0;Bande dessinée jeunesse;555;Astérix gladiateur;Goscinny, René;44;5439;744;74
283.0;Bande dessinée jeunesse;527;Kid Paddle. 12. Panik room;Midam;47;4837;767;70
279.0;Bande dessinée jeunesse;528;L'odyssée d'Astérix;Uderzo, Albert;41;6098;684;70
281.0;Bande dessinée jeunesse;527;Vol 714 pour Sydney;Hergé;53;6562;727;89
272.0;Bande dessinée jeunesse;532;L'apprenti schtroumpf;Peyo;40;4865;640;61
255.0;Bande dessinée jeunesse;551;Barbecue royal;Midam;43;2861;749;55
277.0;DVD jeunesse;528;Vice-Versa;;46;2141;681;64
498.0;Bande dessinée jeunesse;425;Cédric. 26;Laudec;48;4505;594;64
535.0;Bande dessinée jeunesse;411;Sardine de l'espace. 13. Le mange-manga;Guibert, Emmanuel;50;2873;618;61
508.0;Livre sonore jeunesse;423;Coco et le tambour;Du Bouchet, Paule;41;2367;480;74
534.0;Bande dessinée jeunesse;411;Chi, une vie de chat. 3;Konami, K.;48;3544;565;60
511.0;Bande dessinée jeunesse;422;Histoires de schtroumpfs;Peyo;34;3666;519;48
522.0;Bande dessinée jeunesse;417;Fairy Tail. 57;Mashima, Hiro;46;724;271;52
503.0;DVD jeunesse;424;E.T. l'extra-terrestre;Spielberg, Steven;41;3543;498;53
505.0;Bande dessinée jeunesse;424;Game over. 6. Sound of silence;;37;2567;564;45
509.0;DVD jeunesse;423;Harry Potter et l'Ordre du Phénix;;38;3776;594;55
